{
  "title": "Condições de entrega",
  "meta_title": "Condições de entrega",
  "meta_description": "Condições de entrega",
  "body": "<div class=\"container\">\n<p>O prazo é calculado de acordo com o CEP fornecido e encontra-se na finalização do seu pedido, logo abaixo do endereço de entrega.</p>\n<p>O prazo de entrega pode variar em função da faixa de CEP.</p>\n<p>As datas de entrega são uma estimativa, e podem haver pequenos atraso devido aos fatores externos tais como chuvas em excesso, áreas de risco extremo e zonas rurais.</p>\n<p>Serão realizadas até 2 tentativas de entregas, e caso nenhuma delas tenha sucesso a sua encomenda poderá ficar aguardando retirada em uma agência perto de você.</p>\n<p>Se não tivermos estoque disponível para entrega do produto, você será comunicado por telefone pelo nosso pessoal de atendimento ao Cliente.</p>\n</div>",
  "sections": []
}