{
  "categories_list": {
    "featured": [],
    "random": 6,
    "full_width": true
  },
  "menu_all_departments": true,
  "centralized_logo": false,
  "marketing_stripe": {
    "text": "FRETE GRATIS EM TODO SITE* (CONFIRA AS REGRAS)",
    "link": "/pages/entrega"
  },
  "alphabetical_order_submenu": false,
  "name_all_departments": "",
  "search_input": true,
  "desktop_megamenu": true,
  "full_width_submenu": false,
  "contacts_stripe": {
    "pages": [],
    "phone_wpp": true,
    "socials": false
  }
}