{
  "meta_title": "Loja oficial Jotacê Laticinios",
  "meta_description": "Somos uma loja física em Rocha Miranda. Mais de 30 anos oferecendo qualidade e preço baixo para os clientes no bairro. E agora para bairros vizinhos. ",
  "sections": [
    {
      "type": "banner-slider",
      "autoplay": 9000,
      "full_width": true,
      "slides": [
        {
          "img": "/img/uploads/temp.webp",
          "link": "/headset",
          "alt": "Headset banner",
          "start": "",
          "end": "",
          "mobile_img": ""
        }
      ]
    },
    {
      "type": "collection-shelf",
      "shuffle": true,
      "collection_id": null,
      "sort": "offers",
      "title": "",
      "headless": false,
      "limit": 12,
      "page": 1
    },
    {
      "type": "info-bar",
      "enabled": true
    },
    {
      "type": "collection-shelf",
      "shuffle": false,
      "limit": 12,
      "page": 1,
      "collection_id": "68683164578b5f795455070d:categories:Frios e laticínios:/frios",
      "sort": "views",
      "headless": false,
      "title": ""
    },
    {
      "type": "shelfs-nav",
      "shuffle": false,
      "limit": 8,
      "page": 1,
      "collection_ids": [
        "686831eb578b5f7954550785:categories:Embalagem:/embalagem",
        "687e6db2578b5f79546bc176:categories:Padaria:/padaria"
      ],
      "sort": "views"
    },
    {
      "type": "dynamic-showcase",
      "load_more": true,
      "sort": "views"
    }
  ]
}